/*
 Navicat Premium Data Transfer

 Source Server         : localhost
 Source Server Type    : MySQL
 Source Server Version : 50562
 Source Host           : localhost:3306
 Source Schema         : resume

 Target Server Type    : MySQL
 Target Server Version : 50562
 File Encoding         : 65001

 Date: 25/04/2023 11:05:35
*/

SET NAMES utf8mb4;
SET FOREIGN_KEY_CHECKS = 0;

-- ----------------------------
-- Table structure for country
-- ----------------------------
DROP TABLE IF EXISTS `country`;
CREATE TABLE `country`  (
  `id` int(11) NOT NULL AUTO_INCREMENT,
  `name` varchar(50) CHARACTER SET utf8 COLLATE utf8_general_ci NOT NULL,
  `nationality` varchar(50) CHARACTER SET utf8 COLLATE utf8_general_ci NOT NULL,
  PRIMARY KEY (`id`) USING BTREE
) ENGINE = InnoDB AUTO_INCREMENT = 6 CHARACTER SET = utf8 COLLATE = utf8_general_ci ROW_FORMAT = COMPACT;

-- ----------------------------
-- Records of country
-- ----------------------------
INSERT INTO `country` VALUES (1, 'Azerbaijan', 'Azerbaijani');
INSERT INTO `country` VALUES (2, 'Turkey', 'Turkish');
INSERT INTO `country` VALUES (3, 'Germany', 'German');
INSERT INTO `country` VALUES (4, 'USA', 'American');
INSERT INTO `country` VALUES (5, 'Russia', 'Russian');

-- ----------------------------
-- Table structure for employment_history
-- ----------------------------
DROP TABLE IF EXISTS `employment_history`;
CREATE TABLE `employment_history`  (
  `id` int(11) NOT NULL AUTO_INCREMENT,
  `header` varchar(100) CHARACTER SET utf8 COLLATE utf8_general_ci NOT NULL,
  `begin_date` date NULL DEFAULT NULL,
  `end_date` date NULL DEFAULT NULL,
  `job_description` text CHARACTER SET utf8 COLLATE utf8_general_ci NOT NULL,
  `user_id` int(11) NOT NULL,
  PRIMARY KEY (`id`) USING BTREE,
  INDEX `user_id`(`user_id`) USING BTREE,
  CONSTRAINT `employment_history_ibfk_1` FOREIGN KEY (`user_id`) REFERENCES `user` (`id`) ON DELETE NO ACTION ON UPDATE NO ACTION
) ENGINE = InnoDB AUTO_INCREMENT = 15 CHARACTER SET = utf8 COLLATE = utf8_general_ci ROW_FORMAT = COMPACT;

-- ----------------------------
-- Records of employment_history
-- ----------------------------
INSERT INTO `employment_history` VALUES (12, 'Control Engineer at SOCAR', '2018-09-24', '2022-04-11', 'SCADA, PLC, HMI, OPC, InFLuxDB, Grafana', 1);
INSERT INTO `employment_history` VALUES (13, 'Software Engineer at SOCAR', '2022-04-11', NULL, 'Python, Java, MySQL, Backend, Database', 1);
INSERT INTO `employment_history` VALUES (14, 'Senior Employment Expert', NULL, NULL, 'Control over the Ministry bodies', 5);

-- ----------------------------
-- Table structure for oauth_access_token
-- ----------------------------
DROP TABLE IF EXISTS `oauth_access_token`;
CREATE TABLE `oauth_access_token`  (
  `token_id` varchar(255) CHARACTER SET utf8mb4 COLLATE utf8mb4_general_ci NOT NULL,
  `token` blob NOT NULL,
  `authentication_id` varchar(128) CHARACTER SET utf8mb4 COLLATE utf8mb4_general_ci NOT NULL,
  `user_name` varchar(255) CHARACTER SET utf8mb4 COLLATE utf8mb4_general_ci NOT NULL,
  `client_id` varchar(255) CHARACTER SET utf8mb4 COLLATE utf8mb4_general_ci NOT NULL,
  `authentication` blob NOT NULL,
  `refresh_token` varchar(255) CHARACTER SET utf8mb4 COLLATE utf8mb4_general_ci NULL DEFAULT NULL,
  PRIMARY KEY (`authentication_id`) USING BTREE
) ENGINE = InnoDB CHARACTER SET = utf8mb4 COLLATE = utf8mb4_general_ci ROW_FORMAT = Compact;

-- ----------------------------
-- Records of oauth_access_token
-- ----------------------------
INSERT INTO `oauth_access_token` VALUES ('f348b5e5248b15c6455a1d2dbda22cc2', 0xACED0005737200436F72672E737072696E676672616D65776F726B2E73656375726974792E6F61757468322E636F6D6D6F6E2E44656661756C744F4175746832416363657373546F6B656E0CB29E361B24FACE0200064C00156164646974696F6E616C496E666F726D6174696F6E74000F4C6A6176612F7574696C2F4D61703B4C000A65787069726174696F6E7400104C6A6176612F7574696C2F446174653B4C000C72656672657368546F6B656E74003F4C6F72672F737072696E676672616D65776F726B2F73656375726974792F6F61757468322F636F6D6D6F6E2F4F417574683252656672657368546F6B656E3B4C000573636F706574000F4C6A6176612F7574696C2F5365743B4C0009746F6B656E547970657400124C6A6176612F6C616E672F537472696E673B4C000576616C756571007E00057870737200176A6176612E7574696C2E4C696E6B6564486173684D617034C04E5C106CC0FB0200015A000B6163636573734F72646572787200116A6176612E7574696C2E486173684D61700507DAC1C31660D103000246000A6C6F6164466163746F724900097468726573686F6C6478703F40000000000001770800000002000000017400036A746974001B486D546830556355564B725256616C546A755A667258534E2D654178007372000E6A6176612E7574696C2E44617465686A81014B5974190300007870770800000187B75AAB637870737200256A6176612E7574696C2E436F6C6C656374696F6E7324556E6D6F6469666961626C65536574801D92D18F9B80550200007872002C6A6176612E7574696C2E436F6C6C656374696F6E7324556E6D6F6469666961626C65436F6C6C656374696F6E19420080CB5EF71E0200014C0001637400164C6A6176612F7574696C2F436F6C6C656374696F6E3B7870737200176A6176612E7574696C2E4C696E6B656448617368536574D86CD75A95DD2A1E020000787200116A6176612E7574696C2E48617368536574BA44859596B8B7340300007870770C000000103F4000000000000174000577726974657874000662656172657274015C65794A68624763694F694A49557A49314E694973496E523563434936496B705856434A392E65794A68645751694F6C7369636D567A6457316C59584270496C3073496E567A5A584A66626D46745A534936496D56796448567961304235595768766279356A623230694C434A7A593239775A53493657794A33636D6C305A534A644C434A6C654841694F6A45324F4449304D44677A4F445573496D463164476876636D6C306157567A496A7062496C4A50544556665155524E535534694C434A425245314A54694973496C5654525649694C434A5354307846583156545256496958537769616E5270496A6F6953473155614442565931565753334A53566D467356477031576D5A7957464E4F4C57564249697769593278705A57353058326C6B496A6F69593278705A573530496E302E577573534B76764F443361674F53486973365F6C6A5448517432536A5730775F384E3644475972444F6D38, '5b5058fb7473f57389d3758986ad22f1', 'erturk@yahoo.com', 'client', 0xACED0005737200416F72672E737072696E676672616D65776F726B2E73656375726974792E6F61757468322E70726F76696465722E4F417574683241757468656E7469636174696F6EBD400B02166252130200024C000D73746F7265645265717565737474003C4C6F72672F737072696E676672616D65776F726B2F73656375726974792F6F61757468322F70726F76696465722F4F4175746832526571756573743B4C00127573657241757468656E7469636174696F6E7400324C6F72672F737072696E676672616D65776F726B2F73656375726974792F636F72652F41757468656E7469636174696F6E3B787200476F72672E737072696E676672616D65776F726B2E73656375726974792E61757468656E7469636174696F6E2E416273747261637441757468656E7469636174696F6E546F6B656ED3AA287E6E47640E0200035A000D61757468656E746963617465644C000B617574686F7269746965737400164C6A6176612F7574696C2F436F6C6C656374696F6E3B4C000764657461696C737400124C6A6176612F6C616E672F4F626A6563743B787000737200266A6176612E7574696C2E436F6C6C656374696F6E7324556E6D6F6469666961626C654C697374FC0F2531B5EC8E100200014C00046C6973747400104C6A6176612F7574696C2F4C6973743B7872002C6A6176612E7574696C2E436F6C6C656374696F6E7324556E6D6F6469666961626C65436F6C6C656374696F6E19420080CB5EF71E0200014C00016371007E00047870737200136A6176612E7574696C2E41727261794C6973747881D21D99C7619D03000149000473697A65787000000004770400000004737200426F72672E737072696E676672616D65776F726B2E73656375726974792E636F72652E617574686F726974792E53696D706C654772616E746564417574686F72697479000000000000023A0200014C0004726F6C657400124C6A6176612F6C616E672F537472696E673B787074000541444D494E7371007E000D74000A524F4C455F41444D494E7371007E000D740009524F4C455F555345527371007E000D740004555345527871007E000C707372003A6F72672E737072696E676672616D65776F726B2E73656375726974792E6F61757468322E70726F76696465722E4F41757468325265717565737400000000000000010200075A0008617070726F7665644C000B617574686F72697469657371007E00044C000A657874656E73696F6E7374000F4C6A6176612F7574696C2F4D61703B4C000B726564697265637455726971007E000E4C00077265667265736874003B4C6F72672F737072696E676672616D65776F726B2F73656375726974792F6F61757468322F70726F76696465722F546F6B656E526571756573743B4C000B7265736F7572636549647374000F4C6A6176612F7574696C2F5365743B4C000D726573706F6E7365547970657371007E001A787200386F72672E737072696E676672616D65776F726B2E73656375726974792E6F61757468322E70726F76696465722E426173655265717565737436287A3EA37169BD0200034C0008636C69656E74496471007E000E4C001172657175657374506172616D657465727371007E00184C000573636F706571007E001A7870740006636C69656E74737200256A6176612E7574696C2E436F6C6C656374696F6E7324556E6D6F6469666961626C654D6170F1A5A8FE74F507420200014C00016D71007E00187870737200116A6176612E7574696C2E486173684D61700507DAC1C31660D103000246000A6C6F6164466163746F724900097468726573686F6C6478703F400000000000067708000000080000000374000A6772616E745F7479706574000870617373776F7264740008757365726E616D6574001065727475726B407961686F6F2E636F6D74000573636F7065740005777269746578737200256A6176612E7574696C2E436F6C6C656374696F6E7324556E6D6F6469666961626C65536574801D92D18F9B80550200007871007E0009737200176A6176612E7574696C2E4C696E6B656448617368536574D86CD75A95DD2A1E020000787200116A6176612E7574696C2E48617368536574BA44859596B8B7340300007870770C000000103F4000000000000171007E002778017371007E002B770C000000103F40000000000000787371007E00203F40000000000000770800000010000000007870707371007E002B770C000000103F40000000000001740009726573756D65617069787371007E002B770C000000103F40000000000000787372004F6F72672E737072696E676672616D65776F726B2E73656375726974792E61757468656E7469636174696F6E2E557365726E616D6550617373776F726441757468656E7469636174696F6E546F6B656E000000000000023A0200024C000B63726564656E7469616C7371007E00054C00097072696E636970616C71007E00057871007E0003017371007E00077371007E000B0000000477040000000471007E000F71007E001171007E001371007E00157871007E0035737200176A6176612E7574696C2E4C696E6B6564486173684D617034C04E5C106CC0FB0200015A000B6163636573734F726465727871007E00203F400000000000067708000000080000000371007E002271007E002371007E002471007E002571007E002671007E0027780070737200326F72672E737072696E676672616D65776F726B2E73656375726974792E636F72652E7573657264657461696C732E55736572000000000000023A0200075A00116163636F756E744E6F6E457870697265645A00106163636F756E744E6F6E4C6F636B65645A001563726564656E7469616C734E6F6E457870697265645A0007656E61626C65644C000B617574686F72697469657371007E001A4C000870617373776F726471007E000E4C0008757365726E616D6571007E000E7870010101017371007E0028737200116A6176612E7574696C2E54726565536574DD98509395ED875B0300007870737200466F72672E737072696E676672616D65776F726B2E73656375726974792E636F72652E7573657264657461696C732E5573657224417574686F72697479436F6D70617261746F72000000000000023A020000787077040000000471007E000F71007E001171007E001371007E0015787071007E0025, NULL);
INSERT INTO `oauth_access_token` VALUES ('30cdab2b91883bc28be8398773a9930e', 0xACED0005737200436F72672E737072696E676672616D65776F726B2E73656375726974792E6F61757468322E636F6D6D6F6E2E44656661756C744F4175746832416363657373546F6B656E0CB29E361B24FACE0200064C00156164646974696F6E616C496E666F726D6174696F6E74000F4C6A6176612F7574696C2F4D61703B4C000A65787069726174696F6E7400104C6A6176612F7574696C2F446174653B4C000C72656672657368546F6B656E74003F4C6F72672F737072696E676672616D65776F726B2F73656375726974792F6F61757468322F636F6D6D6F6E2F4F417574683252656672657368546F6B656E3B4C000573636F706574000F4C6A6176612F7574696C2F5365743B4C0009746F6B656E547970657400124C6A6176612F6C616E672F537472696E673B4C000576616C756571007E00057870737200176A6176612E7574696C2E4C696E6B6564486173684D617034C04E5C106CC0FB0200015A000B6163636573734F72646572787200116A6176612E7574696C2E486173684D61700507DAC1C31660D103000246000A6C6F6164466163746F724900097468726573686F6C6478703F4000000000000C770800000010000000017400036A746974001B573579345473574A74376647754632592D3453335A747A5132416F78007372000E6A6176612E7574696C2E44617465686A81014B5974190300007870770800000187B7302EA17870737200256A6176612E7574696C2E436F6C6C656374696F6E7324556E6D6F6469666961626C65536574801D92D18F9B80550200007872002C6A6176612E7574696C2E436F6C6C656374696F6E7324556E6D6F6469666961626C65436F6C6C656374696F6E19420080CB5EF71E0200014C0001637400164C6A6176612F7574696C2F436F6C6C656374696F6E3B7870737200176A6176612E7574696C2E4C696E6B656448617368536574D86CD75A95DD2A1E020000787200116A6176612E7574696C2E48617368536574BA44859596B8B7340300007870770C000000043F400000000000027400047265616474000577726974657874000662656172657274016565794A68624763694F694A49557A49314E694973496E523563434936496B705856434A392E65794A68645751694F6C7369636D567A6457316C59584270496C3073496E567A5A584A66626D46745A534936496D56796448567961304235595768766279356A623230694C434A7A593239775A53493657794A795A57466B4969776964334A7064475569585377695A586877496A6F784E6A67794E4441314E6A41774C434A686458526F62334A7064476C6C6379493657794A53543078465830464554556C4F496977695155524E535534694C434A565530565349697769556B394D5256395655305653496C3073496D703061534936496C6331655452556331644B6444646D523356474D6C6B744E464D7A576E523655544A4262794973496D4E7361575675644639705A434936496D4E736157567564434A392E68317A73356B5053703445796B64747275494D7633384E77664471595548514B657A655843502D4E6A6377, '98b06620c97bcafbc5fefc40fa1c0463', 'erturk@yahoo.com', 'client', 0xACED0005737200416F72672E737072696E676672616D65776F726B2E73656375726974792E6F61757468322E70726F76696465722E4F417574683241757468656E7469636174696F6EBD400B02166252130200024C000D73746F7265645265717565737474003C4C6F72672F737072696E676672616D65776F726B2F73656375726974792F6F61757468322F70726F76696465722F4F4175746832526571756573743B4C00127573657241757468656E7469636174696F6E7400324C6F72672F737072696E676672616D65776F726B2F73656375726974792F636F72652F41757468656E7469636174696F6E3B787200476F72672E737072696E676672616D65776F726B2E73656375726974792E61757468656E7469636174696F6E2E416273747261637441757468656E7469636174696F6E546F6B656ED3AA287E6E47640E0200035A000D61757468656E746963617465644C000B617574686F7269746965737400164C6A6176612F7574696C2F436F6C6C656374696F6E3B4C000764657461696C737400124C6A6176612F6C616E672F4F626A6563743B787000737200266A6176612E7574696C2E436F6C6C656374696F6E7324556E6D6F6469666961626C654C697374FC0F2531B5EC8E100200014C00046C6973747400104C6A6176612F7574696C2F4C6973743B7872002C6A6176612E7574696C2E436F6C6C656374696F6E7324556E6D6F6469666961626C65436F6C6C656374696F6E19420080CB5EF71E0200014C00016371007E00047870737200136A6176612E7574696C2E41727261794C6973747881D21D99C7619D03000149000473697A65787000000004770400000004737200426F72672E737072696E676672616D65776F726B2E73656375726974792E636F72652E617574686F726974792E53696D706C654772616E746564417574686F72697479000000000000023A0200014C0004726F6C657400124C6A6176612F6C616E672F537472696E673B787074000541444D494E7371007E000D74000A524F4C455F41444D494E7371007E000D740009524F4C455F555345527371007E000D740004555345527871007E000C707372003A6F72672E737072696E676672616D65776F726B2E73656375726974792E6F61757468322E70726F76696465722E4F41757468325265717565737400000000000000010200075A0008617070726F7665644C000B617574686F72697469657371007E00044C000A657874656E73696F6E7374000F4C6A6176612F7574696C2F4D61703B4C000B726564697265637455726971007E000E4C00077265667265736874003B4C6F72672F737072696E676672616D65776F726B2F73656375726974792F6F61757468322F70726F76696465722F546F6B656E526571756573743B4C000B7265736F7572636549647374000F4C6A6176612F7574696C2F5365743B4C000D726573706F6E7365547970657371007E001A787200386F72672E737072696E676672616D65776F726B2E73656375726974792E6F61757468322E70726F76696465722E426173655265717565737436287A3EA37169BD0200034C0008636C69656E74496471007E000E4C001172657175657374506172616D657465727371007E00184C000573636F706571007E001A7870740006636C69656E74737200256A6176612E7574696C2E436F6C6C656374696F6E7324556E6D6F6469666961626C654D6170F1A5A8FE74F507420200014C00016D71007E00187870737200116A6176612E7574696C2E486173684D61700507DAC1C31660D103000246000A6C6F6164466163746F724900097468726573686F6C6478703F400000000000067708000000080000000374000A6772616E745F7479706574000870617373776F7264740008757365726E616D6574001065727475726B407961686F6F2E636F6D74000573636F706574000A7265616420777269746578737200256A6176612E7574696C2E436F6C6C656374696F6E7324556E6D6F6469666961626C65536574801D92D18F9B80550200007871007E0009737200176A6176612E7574696C2E4C696E6B656448617368536574D86CD75A95DD2A1E020000787200116A6176612E7574696C2E48617368536574BA44859596B8B7340300007870770C000000103F4000000000000274000472656164740005777269746578017371007E002B770C000000103F40000000000000787371007E00203F40000000000000770800000010000000007870707371007E002B770C000000103F40000000000001740009726573756D65617069787371007E002B770C000000103F40000000000000787372004F6F72672E737072696E676672616D65776F726B2E73656375726974792E61757468656E7469636174696F6E2E557365726E616D6550617373776F726441757468656E7469636174696F6E546F6B656E000000000000023A0200024C000B63726564656E7469616C7371007E00054C00097072696E636970616C71007E00057871007E0003017371007E00077371007E000B0000000477040000000471007E000F71007E001171007E001371007E00157871007E0037737200176A6176612E7574696C2E4C696E6B6564486173684D617034C04E5C106CC0FB0200015A000B6163636573734F726465727871007E00203F400000000000067708000000080000000371007E002271007E002371007E002471007E002571007E002671007E0027780070737200326F72672E737072696E676672616D65776F726B2E73656375726974792E636F72652E7573657264657461696C732E55736572000000000000023A0200075A00116163636F756E744E6F6E457870697265645A00106163636F756E744E6F6E4C6F636B65645A001563726564656E7469616C734E6F6E457870697265645A0007656E61626C65644C000B617574686F72697469657371007E001A4C000870617373776F726471007E000E4C0008757365726E616D6571007E000E7870010101017371007E0028737200116A6176612E7574696C2E54726565536574DD98509395ED875B0300007870737200466F72672E737072696E676672616D65776F726B2E73656375726974792E636F72652E7573657264657461696C732E5573657224417574686F72697479436F6D70617261746F72000000000000023A020000787077040000000471007E000F71007E001171007E001371007E0015787071007E0025, NULL);
INSERT INTO `oauth_access_token` VALUES ('740b6334ed7962412721090282ba0b8d', 0xACED0005737200436F72672E737072696E676672616D65776F726B2E73656375726974792E6F61757468322E636F6D6D6F6E2E44656661756C744F4175746832416363657373546F6B656E0CB29E361B24FACE0200064C00156164646974696F6E616C496E666F726D6174696F6E74000F4C6A6176612F7574696C2F4D61703B4C000A65787069726174696F6E7400104C6A6176612F7574696C2F446174653B4C000C72656672657368546F6B656E74003F4C6F72672F737072696E676672616D65776F726B2F73656375726974792F6F61757468322F636F6D6D6F6E2F4F417574683252656672657368546F6B656E3B4C000573636F706574000F4C6A6176612F7574696C2F5365743B4C0009746F6B656E547970657400124C6A6176612F6C616E672F537472696E673B4C000576616C756571007E00057870737200176A6176612E7574696C2E4C696E6B6564486173684D617034C04E5C106CC0FB0200015A000B6163636573734F72646572787200116A6176612E7574696C2E486173684D61700507DAC1C31660D103000246000A6C6F6164466163746F724900097468726573686F6C6478703F40000000000001770800000002000000017400036A746974001B4A6F5664485F41517339344367515568655657725F76734A5F6C5578007372000E6A6176612E7574696C2E44617465686A81014B5974190300007870770800000187B717198B7870737200256A6176612E7574696C2E436F6C6C656374696F6E7324556E6D6F6469666961626C65536574801D92D18F9B80550200007872002C6A6176612E7574696C2E436F6C6C656374696F6E7324556E6D6F6469666961626C65436F6C6C656374696F6E19420080CB5EF71E0200014C0001637400164C6A6176612F7574696C2F436F6C6C656374696F6E3B7870737200176A6176612E7574696C2E4C696E6B656448617368536574D86CD75A95DD2A1E020000787200116A6176612E7574696C2E48617368536574BA44859596B8B7340300007870770C000000103F40000000000001740004726561647874000662656172657274015B65794A68624763694F694A49557A49314E694973496E523563434936496B705856434A392E65794A68645751694F6C7369636D567A6457316C59584270496C3073496E567A5A584A66626D46745A534936496D56796448567961304235595768766279356A623230694C434A7A593239775A53493657794A795A57466B496C3073496D5634634349364D5459344D6A51774D7A6B314E7977695958563061473979615852705A584D694F6C7369556B394D525639425245314A54694973496B464554556C4F4969776956564E4655694973496C4A505445566656564E4655694A644C434A7164476B694F694A4B62315A6B5346394255584D354E454E6E5556566F5A565A58636C393263307066624655694C434A6A62476C6C626E5266615751694F694A6A62476C6C626E516966512E326F75563237713468386158444F6E395744636B4F4A6F564176474D77395730716B33444478384E4B7245, 'df1824480e149a1be05641c70fb51466', 'erturk@yahoo.com', 'client', 0xACED0005737200416F72672E737072696E676672616D65776F726B2E73656375726974792E6F61757468322E70726F76696465722E4F417574683241757468656E7469636174696F6EBD400B02166252130200024C000D73746F7265645265717565737474003C4C6F72672F737072696E676672616D65776F726B2F73656375726974792F6F61757468322F70726F76696465722F4F4175746832526571756573743B4C00127573657241757468656E7469636174696F6E7400324C6F72672F737072696E676672616D65776F726B2F73656375726974792F636F72652F41757468656E7469636174696F6E3B787200476F72672E737072696E676672616D65776F726B2E73656375726974792E61757468656E7469636174696F6E2E416273747261637441757468656E7469636174696F6E546F6B656ED3AA287E6E47640E0200035A000D61757468656E746963617465644C000B617574686F7269746965737400164C6A6176612F7574696C2F436F6C6C656374696F6E3B4C000764657461696C737400124C6A6176612F6C616E672F4F626A6563743B787000737200266A6176612E7574696C2E436F6C6C656374696F6E7324556E6D6F6469666961626C654C697374FC0F2531B5EC8E100200014C00046C6973747400104C6A6176612F7574696C2F4C6973743B7872002C6A6176612E7574696C2E436F6C6C656374696F6E7324556E6D6F6469666961626C65436F6C6C656374696F6E19420080CB5EF71E0200014C00016371007E00047870737200136A6176612E7574696C2E41727261794C6973747881D21D99C7619D03000149000473697A65787000000004770400000004737200426F72672E737072696E676672616D65776F726B2E73656375726974792E636F72652E617574686F726974792E53696D706C654772616E746564417574686F72697479000000000000023A0200014C0004726F6C657400124C6A6176612F6C616E672F537472696E673B787074000541444D494E7371007E000D74000A524F4C455F41444D494E7371007E000D740009524F4C455F555345527371007E000D740004555345527871007E000C707372003A6F72672E737072696E676672616D65776F726B2E73656375726974792E6F61757468322E70726F76696465722E4F41757468325265717565737400000000000000010200075A0008617070726F7665644C000B617574686F72697469657371007E00044C000A657874656E73696F6E7374000F4C6A6176612F7574696C2F4D61703B4C000B726564697265637455726971007E000E4C00077265667265736874003B4C6F72672F737072696E676672616D65776F726B2F73656375726974792F6F61757468322F70726F76696465722F546F6B656E526571756573743B4C000B7265736F7572636549647374000F4C6A6176612F7574696C2F5365743B4C000D726573706F6E7365547970657371007E001A787200386F72672E737072696E676672616D65776F726B2E73656375726974792E6F61757468322E70726F76696465722E426173655265717565737436287A3EA37169BD0200034C0008636C69656E74496471007E000E4C001172657175657374506172616D657465727371007E00184C000573636F706571007E001A7870740006636C69656E74737200256A6176612E7574696C2E436F6C6C656374696F6E7324556E6D6F6469666961626C654D6170F1A5A8FE74F507420200014C00016D71007E00187870737200116A6176612E7574696C2E486173684D61700507DAC1C31660D103000246000A6C6F6164466163746F724900097468726573686F6C6478703F400000000000067708000000080000000374000A6772616E745F7479706574000870617373776F7264740008757365726E616D6574001065727475726B407961686F6F2E636F6D74000573636F70657400047265616478737200256A6176612E7574696C2E436F6C6C656374696F6E7324556E6D6F6469666961626C65536574801D92D18F9B80550200007871007E0009737200176A6176612E7574696C2E4C696E6B656448617368536574D86CD75A95DD2A1E020000787200116A6176612E7574696C2E48617368536574BA44859596B8B7340300007870770C000000103F4000000000000171007E002778017371007E002B770C000000103F40000000000000787371007E00203F40000000000000770800000010000000007870707371007E002B770C000000103F40000000000001740009726573756D65617069787371007E002B770C000000103F40000000000000787372004F6F72672E737072696E676672616D65776F726B2E73656375726974792E61757468656E7469636174696F6E2E557365726E616D6550617373776F726441757468656E7469636174696F6E546F6B656E000000000000023A0200024C000B63726564656E7469616C7371007E00054C00097072696E636970616C71007E00057871007E0003017371007E00077371007E000B0000000477040000000471007E000F71007E001171007E001371007E00157871007E0035737200176A6176612E7574696C2E4C696E6B6564486173684D617034C04E5C106CC0FB0200015A000B6163636573734F726465727871007E00203F400000000000067708000000080000000371007E002271007E002371007E002471007E002571007E002671007E0027780070737200326F72672E737072696E676672616D65776F726B2E73656375726974792E636F72652E7573657264657461696C732E55736572000000000000023A0200075A00116163636F756E744E6F6E457870697265645A00106163636F756E744E6F6E4C6F636B65645A001563726564656E7469616C734E6F6E457870697265645A0007656E61626C65644C000B617574686F72697469657371007E001A4C000870617373776F726471007E000E4C0008757365726E616D6571007E000E7870010101017371007E0028737200116A6176612E7574696C2E54726565536574DD98509395ED875B0300007870737200466F72672E737072696E676672616D65776F726B2E73656375726974792E636F72652E7573657264657461696C732E5573657224417574686F72697479436F6D70617261746F72000000000000023A020000787077040000000471007E000F71007E001171007E001371007E0015787071007E0025, NULL);

-- ----------------------------
-- Table structure for oauth_refresh_token
-- ----------------------------
DROP TABLE IF EXISTS `oauth_refresh_token`;
CREATE TABLE `oauth_refresh_token`  (
  `token_id` varchar(255) CHARACTER SET utf8mb4 COLLATE utf8mb4_general_ci NOT NULL,
  `token` blob NOT NULL,
  `authentication` blob NOT NULL
) ENGINE = InnoDB CHARACTER SET = utf8mb4 COLLATE = utf8mb4_general_ci ROW_FORMAT = Compact;

-- ----------------------------
-- Records of oauth_refresh_token
-- ----------------------------

-- ----------------------------
-- Table structure for skill
-- ----------------------------
DROP TABLE IF EXISTS `skill`;
CREATE TABLE `skill`  (
  `id` int(11) NOT NULL AUTO_INCREMENT,
  `name` varchar(50) CHARACTER SET utf8 COLLATE utf8_general_ci NOT NULL,
  PRIMARY KEY (`id`) USING BTREE
) ENGINE = InnoDB AUTO_INCREMENT = 29 CHARACTER SET = utf8 COLLATE = utf8_general_ci ROW_FORMAT = COMPACT;

-- ----------------------------
-- Records of skill
-- ----------------------------
INSERT INTO `skill` VALUES (1, 'Java');
INSERT INTO `skill` VALUES (2, 'Python');
INSERT INTO `skill` VALUES (3, 'C++');
INSERT INTO `skill` VALUES (4, 'PHP');
INSERT INTO `skill` VALUES (6, 'Matlab');
INSERT INTO `skill` VALUES (16, 'C#');
INSERT INTO `skill` VALUES (20, 'Scala');
INSERT INTO `skill` VALUES (21, 'Go');
INSERT INTO `skill` VALUES (22, 'Javascript');
INSERT INTO `skill` VALUES (23, 'Rust');
INSERT INTO `skill` VALUES (25, 'Ruby');
INSERT INTO `skill` VALUES (27, 'Django');
INSERT INTO `skill` VALUES (28, 'Spring');

-- ----------------------------
-- Table structure for user
-- ----------------------------
DROP TABLE IF EXISTS `user`;
CREATE TABLE `user`  (
  `id` int(11) NOT NULL AUTO_INCREMENT,
  `name` varchar(50) CHARACTER SET utf8 COLLATE utf8_general_ci NOT NULL,
  `surname` varchar(50) CHARACTER SET utf8 COLLATE utf8_general_ci NOT NULL,
  `email` varchar(50) CHARACTER SET utf8 COLLATE utf8_general_ci NOT NULL,
  `phone` varchar(15) CHARACTER SET utf8 COLLATE utf8_general_ci NOT NULL,
  `profile_description` text CHARACTER SET utf8 COLLATE utf8_general_ci NULL,
  `address` varchar(200) CHARACTER SET utf8 COLLATE utf8_general_ci NULL DEFAULT NULL,
  `birthday` date NULL DEFAULT NULL,
  `country_id` int(11) NULL DEFAULT NULL,
  `password` varchar(255) CHARACTER SET utf8 COLLATE utf8_general_ci NULL DEFAULT NULL,
  PRIMARY KEY (`id`) USING BTREE,
  INDEX `user_ibfk_1`(`country_id`) USING BTREE,
  CONSTRAINT `user_ibfk_1` FOREIGN KEY (`country_id`) REFERENCES `country` (`id`) ON DELETE SET NULL ON UPDATE SET NULL
) ENGINE = InnoDB AUTO_INCREMENT = 65 CHARACTER SET = utf8 COLLATE = utf8_general_ci ROW_FORMAT = COMPACT;

-- ----------------------------
-- Records of user
-- ----------------------------
INSERT INTO `user` VALUES (1, 'Ərtürk', 'Məmmədli', 'erturk@yahoo.com', '+994507777777', 'Electrical and Electronics Engineering at METU, Senior Software Engineer at SOCAR, Data Structures and Algorithms Expert, AI/ML Enthusiast.', 'Ağdam, Azərbaycan', '1992-06-08', 1, '$2a$10$Kolyqql/5/V/K8nSlOpXWOmZvPWKeXzsq5iwWpoduoxsswYtsEjn6');
INSERT INTO `user` VALUES (4, 'Aqşin', 'Fərəcov', 'farajov@hotmail.com', '+905055055055', NULL, NULL, NULL, 1, '$2a$10$0jA905/W1.GPFwy/fxZPCe8r/WAc10.RSA82RLxPZ190DoCK0TF7G');
INSERT INTO `user` VALUES (5, 'Ayturan', 'Fətəlisoy', 'fetelisoyayturan@gmail.com', '+994503212321', 'Employment Specialist at MLSPP', '', NULL, 1, '$2a$10$kj.6UjYStf4/kfY/ypgV2.u5LNkyYEMpCghJ1w4jg2.QOF4moAC1y');
INSERT INTO `user` VALUES (6, 'Adil', 'Adilli', 'adil@gmail.com', '+134567453431', NULL, NULL, NULL, 1, '$2a$10$WK1sA7ayYob.1bTlkAPg7uFgxzZLwVSGTC5StRwkFVo40560Ah8sy');
INSERT INTO `user` VALUES (16, 'Əli', 'Məmmədli', 'alimammadli@gmail.com', '+901234567865', NULL, NULL, NULL, 1, '$2a$10$jK/oRv8CohNEWsXbz296zu5WoCZOlSjcQFBl1G2KnQyRW3W/m1zou');
INSERT INTO `user` VALUES (17, 'Ülvi', 'Abdulla', 'ulviabdulla@protonmail.com', '+994552211221', 'null', 'null', NULL, 1, '$2a$10$pARgb1DbqEi8PW1B7JJm7OB6gqBy2b39rnrVMSg/WSfEMN49dYpee');
INSERT INTO `user` VALUES (32, 'Delisov', 'Domrul', 'dd@cenlibel.org', '+1231231', 'Çenlibelin biglisi', 'null', NULL, 1, '$2a$10$TfoLB3d2qe.MVlcl4lV0bePiOUXa/7CaBFOPkdjrviKxYQNzxOldG');
INSERT INTO `user` VALUES (54, 'Kefli', 'Isgender', 'kefqom@mail.com', '+9934523432', NULL, NULL, NULL, NULL, '$2a$10$Zcg43bteU4mfVn/PD2ufkutRjY5gt.EQPGqDO6Y33sU.T4Jp8wvNy');
INSERT INTO `user` VALUES (57, 'Serious', 'Meselcun', 'seryozniy@mesela.tr', '+1234543', NULL, NULL, NULL, NULL, '$2a$10$HAG2fcWWu5MA2N8LIwBNFejHIoUHfn2uMqGTCaDorF/pqH8c1pX5.');
INSERT INTO `user` VALUES (58, 'Traxtor', 'Surucusu', 'forza_traktor@mail.com', '+2345655423', NULL, NULL, NULL, NULL, '$2a$10$KscF7F4HBJ/OpmeNrXNBq.x8vEecrnFjUHyJ8Hv0cBUrCqjjtaHE2');
INSERT INTO `user` VALUES (61, 'Cütdan', 'Özü', 'cutu@quzanli.az', '+99419250021', NULL, NULL, NULL, NULL, '$2a$10$C4QZIlG8MJHzOwfv3Hqzuu3Q0H5rpfh.K5QNiiz6oVQIb1Ac0fLe.');
INSERT INTO `user` VALUES (64, 'Mekkeli', 'Müşrikler', 'infidel@kufr.az', '+666', 'Her türlü piçlik', NULL, NULL, NULL, '$2a$10$eAaeekHWqPAwo9Ta0UwnxeTZHmYqIE3tTx4U2586sjWIsBokGTRKG');

-- ----------------------------
-- Table structure for user_skill
-- ----------------------------
DROP TABLE IF EXISTS `user_skill`;
CREATE TABLE `user_skill`  (
  `id` int(11) NOT NULL AUTO_INCREMENT,
  `user_id` int(11) NOT NULL,
  `skill_id` int(11) NOT NULL,
  `power` int(11) NOT NULL,
  PRIMARY KEY (`id`) USING BTREE,
  INDEX `user_skill_ibfk_1`(`user_id`) USING BTREE,
  INDEX `user_skill_ibfk_2`(`skill_id`) USING BTREE,
  CONSTRAINT `user_skill_ibfk_1` FOREIGN KEY (`user_id`) REFERENCES `user` (`id`) ON DELETE NO ACTION ON UPDATE NO ACTION,
  CONSTRAINT `user_skill_ibfk_2` FOREIGN KEY (`skill_id`) REFERENCES `skill` (`id`) ON DELETE NO ACTION ON UPDATE NO ACTION
) ENGINE = InnoDB AUTO_INCREMENT = 46 CHARACTER SET = utf8 COLLATE = utf8_general_ci ROW_FORMAT = COMPACT;

-- ----------------------------
-- Records of user_skill
-- ----------------------------
INSERT INTO `user_skill` VALUES (13, 1, 1, 9);
INSERT INTO `user_skill` VALUES (14, 1, 2, 10);
INSERT INTO `user_skill` VALUES (40, 1, 6, 7);
INSERT INTO `user_skill` VALUES (43, 1, 21, 7);
INSERT INTO `user_skill` VALUES (44, 6, 1, 10);
INSERT INTO `user_skill` VALUES (45, 6, 2, 10);

SET FOREIGN_KEY_CHECKS = 1;
